{"cameraMode":{"drawMode":0,"name":"Shaded","section":"Shading Mode"},"sceneLighting":true,"audioPlay":false,"sceneViewState":{"showFog":true,"showMaterialUpdate":false,"showSkybox":true,"showFlares":true,"showImageEffects":true,"showParticleSystems":true},"in2DMode":false,"pivot":{"x":-53.258758544921878,"y":-25.788501739501954,"z":119.46446228027344},"rotation":{"x":-0.1007806584239006,"y":0.21900326013565064,"z":-0.022748256102204324,"w":-0.9702388644218445},"size":140.37326049804688,"orthographic":false}